id, first_name, last_name, age, phone, email
NAle7226,Natalie ,Alexander,35,(187) 709-2085,NAlexander433@gmail.com
EAnd7226,Eli ,Anderson,23,(767) 375-4255,EAnderson246@hotmail.com
EAnd5068,Elias ,Anderson,68,(991) 353-5366,EAnderson386@gmail.com
SBar4059,Samuel ,Barnett,55,(236) 007-2513,SBarnett629@gmail.com
JBla2783,Joey ,Blair,23,(372) 369-0376,JBlair689@gmail.com
JBla9460,Joe ,Blair,42,(427) 789-1374,JBlair338@gmail.com
JBla4660,Joey ,Blair,51,(375) 191-0757,JBlair506@gmail.com
TBra2191,Troy,Brady,57,(191) 805-0000,TBrady510@yahoo.com
CBre1863,Crystal,Brewer,53,(587) 500-5406,CPage978@outlook.com
WBur1602,Wanda ,Burton,45,(342) 320-2942,WBurton235@gmail.com
KBus3604,Kristina,Bush,45,(459) 156-0962,KBush590@yahoo.com
CByr6440,Christian ,Byrd,44,(529) 984-4430,CByrd53@gmail.com
TCar7589,Tommy ,Carr,53,(727) 394-4562,TCarr260@gmail.com
LCha1945,Lynn,Chavez,70,(775) 825-9334,LChavez245@yahoo.com
VChr1991,Victoria,Christensen,59,(652) 867-2228,VChristensen409@yahoo.com
JCla4036,Julio,Clark,23,(367) 506-4745,JClark641@hotmail.com
JCum5210,Jamie,Cummings,39,(328) 968-0837,JCummings76@outlook.com
JCum9912,Jamie,Cummings,66,(200) 812-5302,JCummings929@yahoo.com
JCum7819,Jamie,Cummings,66,(553) 774-8185,JCummings749@yahoo.com
LCun9553,Linda ,Cunningham,32,(132) 312-1214,LCunningham739@gmail.com
LCun6285,Linda ,Cunningham,54,(863) 388-3419,LCunningham202@gmail.com
ECur4254,Ellen,Curry,70,(488) 854-5266,ECurry74@yahoo.com
JDan5672,Joe ,Daniel,19,(145) 158-8522,JDaniel950@gmail.com
JDan5501,Joe ,Daniel,51,(718) 012-8566,JDaniel699@gmail.com
AEst5130,Amber ,Estrada,36,(664) 141-3137,AEstrada178@gmail.com
KFle7541,Kim ,Fleming,48,(844) 654-9974,KFleming929@gmail.com
SFor4249,Susie ,Ford,50,(152) 960-3434,SFord26@gmail.com
SFor5690,Susie ,Ford,51,(114) 150-0349,SFord985@gmail.com
CFra2168,Crystal,Francis,41,(821) 049-6730,CBrewer659@outlook.com
WGom1096,Wesley,Gomez,52,(400) 300-0713,WGomez893@yahoo.com
SGon2913,Sheri,Gonzalez,54,(814) 695-2050,SGonzalez676@yahoo.com
DGre5815,Donny,Green,39,(558) 971-1444,DGreen712@yahoo.com
DGre9040,Don,Green,51,(682) 556-2307,DGreen259@yahoo.com
DGre3777,Donnie,Green,66,(570) 908-6378,DGreen883@yahoo.com
EGre5808,Edith,Greer,39,(385) 892-4312,EGreer445@yahoo.com
OGri5121,Omar,Griffith,54,(714) 092-2439,JCummings946@outlook.com
LHam7519,Lydia ,Hammond,62,(945) 957-8301,LHammond479@hotmail.com
LHar4130,Lorena ,Harper,24,(288) 376-7050,LHarper87@gmail.com
LHar3463,Lorena ,Harper,52,(996) 111-7671,LHarper968@gmail.com
CHar9532,Conrad,Harris,18,(948) 891-8100,LTyler860@outlook.com
SHar3624,Sharon,Harris,25,(784) 694-6064,SWeber327@outlook.com
AHar6300,Alyssa ,Hart,51,(212) 789-5830,AHart801@gmail.com
DHen7878,Douglas ,Henderson,34,(207) 495-8609,DHenderson150@gmail.com
DHen3105,Doug ,Henderson,37,(152) 889-9831,DHenderson146@gmail.com
DHen4199,Douglas ,Henderson,39,(851) 217-5931,DHenderson755@gmail.com
MHuf2641,Morris ,Huff,18,(119) 275-1969,MHuff213@hotmail.com
PJam8215,Patrick,James,51,(979) 390-1098,PJames790@yahoo.com
PJam5044,Pat ,James,53,(606) 353-4543,PJames204@gmail.com
PJam5267,Pat ,James,65,(470) 205-0191,PJames223@gmail.com
TJen9282,Tracey,Jenkins,26,(441) 525-3603,TJenkins898@gmail.com
OLaw6805,Olive,Lawrence,45,(663) 000-4406,OLawrence916@hotmail.com
TLeo7706,Theodore ,Leonard,46,(410) 504-3305,TLeonard783@hotmail.com
BLop5382,Brad,Lopez,62,(677) 830-4423,BLopez357@yahoo.com
CLow9765,Carroll,Lowe,66,(135) 522-1973,CLowe678@yahoo.com
TLyn9315,Terri ,Lynch,18,(431) 860-9760,TLynch935@yahoo.com
CMas4801,Crystal,Mason,60,(850) 587-1864,SHarris361@outlook.com
WMas7199,Winston ,Massey,38,(785) 492-6552,WMassey250@gmail.com
EMat1109,Evelyn,Matthews,66,(703) 598-0536,EMatthews82@hotmail.com
CMcc5855,Crystal,Mccoy,20,(472) 243-4167,CFrancis703@outlook.com
RMit2937,Randy,Mitchell,65,(404) 468-2239,RMitchell316@gmail.com
FMor4903,Freddie ,Moreno,42,(138) 372-9799,FMoreno394@gmail.com
MNea9817,Matt,Neal,29,(281) 668-0565,OGriffith328@outlook.com
MNgu1668,Maurice,Nguyen,67,(638) 102-5249,MNguyen753@yahoo.com
CObr3276,Catherine,Obrien,66,(754) 652-6517,CObrien582@hotmail.com
CPag9797,Crystal,Page,68,(994) 551-0824,CMason416@outlook.com
APar6131,Alyson ,Parsons,32,(217) 441-4067,AParsons732@gmail.com
APar2937,Alison ,Parsons,47,(443) 783-8108,AParsons771@gmail.com
APar9398,Allison ,Parsons,50,(450) 875-0218,AParsons904@gmail.com
MPer9176,Mike ,Perez,19,(329) 307-9723,MPerez714@gmail.com
CPet6506,Connie ,Peters,27,(100) 337-0340,CPeters802@gmail.com
VPie5375,Vincent,Pierce,70,(569) 452-7074,VPierce400@yahoo.com
WPor4197,Wilfred,Porter,56,(287) 021-7050,WPorter420@yahoo.com
PRam4104,Pablo ,Ramos,21,(641) 994-1448,PRamos826@hotmail.com
SRee1009,Scott,Reed,38,(787) 922-9954,SReed789@yahoo.com
SRee9712,Scott,Reed,56,(416) 070-3009,SReed632@yahoo.com
SRee1136,Scott,Reed,64,(877) 881-2082,SReed969@yahoo.com
SRee4216,Scott,Reed,70,(443) 725-1721,SReed395@yahoo.com
SRob5508,Sharon,Robertson,57,(165) 501-9353,SRobertson948@hotmail.com
GRog6104,Georgia ,Rogers,21,(473) 097-9177,GRogers600@gmail.com
LSch9526,Louise ,Schmidt,25,(275) 836-4020,LSchmidt945@gmail.com
BShe5852,Bruce,Sherman,60,(933) 687-9398,BSherman0@yahoo.com
JShm9287,Joe ,Shmoe,58,(127) 001-5309,JShmoe770@gmail.com
JSmi3389,Jane ,Smith,37,(680) 472-3085,JSmith501@gmail.com
RSny7170,Richard,Snyder,57,(987) 841-4683,RSnyder982@yahoo.com
JSny8406,Jim ,Snyder,65,(535) 560-3299,JSnyder263@gmail.com
JSte6945,Jake,Stevenson,20,(952) 116-6525,JStevenson597@gmail.com
WTra7973,Walter ,Tran,61,(225) 697-5966,CHarris680@outlook.com
LTyl5723,Lee,Tyler,26,(838) 025-2446,LTyler917@outlook.com
LTyl9063,Lea,Tyler,54,(342) 066-1885,LTyler410@outlook.com
LTyl7155,Leah,Tyler,57,(694) 303-8757,MNeal390@outlook.com
FUnd9172,Faye,Underwood,45,(739) 476-1984,FUnderwood871@gmail.com
KVas1098,Kayla,Vasquez,46,(113) 814-4977,KVasquez160@yahoo.com
NVeg7066,Nicole,Vega,54,(547) 476-0025,NVega858@yahoo.com
CWal9363,Carmen ,Walker,51,(616) 402-5480,CWalker882@hotmail.com
JWat1940,Julie ,Watson,61,(135) 722-6926,JWatson610@hotmail.com
SWeb2855,Sharon,Weber,41,(893) 195-8345,WTran834@outlook.com
RWel5040,Roman ,Wells,41,(363) 603-4169,RWells479@gmail.com
DWol7623,Dianne ,Wolfe,36,(237) 389-7713,DWolfe342@gmail.com
VWon2132,Violet,Wong,49,(884) 365-1015,VWong916@yahoo.com
